IP地址,端口,TLS,数据中心,国家,地区,城市,ASN,ORG,延迟(ms),速度(MB/s)
54.65.210.183,54177,TRUE,NRT,JP,Asia Pacific,Tokyo,16509,AMAZON-02,274,35.98
103.200.30.138,44004,TRUE,NRT,JP,Asia Pacific,Tokyo,138968,rainbow network limited,215,28.38
152.70.246.67,45696,TRUE,NRT,JP,Asia Pacific,Tokyo,31898,ORACLE-BMC-31898,373,26.26
131.186.31.253,36688,TRUE,NRT,JP,Asia Pacific,Tokyo,31898,ORACLE-BMC-31898,316,25.53
129.154.212.181,44699,TRUE,NRT,JP,Asia Pacific,Tokyo,31898,ORACLE-BMC-31898,292,25.34
146.56.162.244,36969,TRUE,NRT,JP,Asia Pacific,Tokyo,31898,ORACLE-BMC-31898,374,24.63
152.70.232.251,58474,TRUE,NRT,JP,Asia Pacific,Tokyo,31898,ORACLE-BMC-31898,321,23.63
152.70.253.130,61153,TRUE,NRT,JP,Asia Pacific,Tokyo,31898,ORACLE-BMC-31898,336,23.54
146.56.179.20,45790,TRUE,NRT,JP,Asia Pacific,Tokyo,31898,ORACLE-BMC-31898,326,21.43
146.56.138.226,38178,TRUE,NRT,JP,Asia Pacific,Tokyo,31898,ORACLE-BMC-31898,327,19.73
141.164.56.255,40006,TRUE,NRT,JP,Asia Pacific,Tokyo,20473,AS-CHOOPA,456,19.22
141.164.56.255,40009,TRUE,ICN,KR,Asia Pacific,Seoul,20473,AS-CHOOPA,366,18.66
152.70.239.189,42984,TRUE,NRT,JP,Asia Pacific,Tokyo,31898,ORACLE-BMC-31898,328,18.53
103.201.130.155,47290,TRUE,NRT,JP,Asia Pacific,Tokyo,3258,xTom Pty Ltd,337,17.78
168.138.210.152,43164,TRUE,NRT,JP,Asia Pacific,Tokyo,31898,ORACLE-BMC-31898,319,17.25
138.2.23.218,47598,TRUE,NRT,JP,Asia Pacific,Tokyo,31898,ORACLE-BMC-31898,345,16.84
141.147.176.65,43534,TRUE,NRT,JP,Asia Pacific,Tokyo,31898,ORACLE-BMC-31898,343,16.55
146.56.177.67,61153,TRUE,NRT,JP,Asia Pacific,Tokyo,31898,ORACLE-BMC-31898,721,16.17
141.147.175.191,41101,TRUE,NRT,JP,Asia Pacific,Tokyo,31898,ORACLE-BMC-31898,328,15.91
62.106.70.89,40184,TRUE,NRT,JP,Asia Pacific,Tokyo,3258,xTom Pty Ltd,517,14.93
141.164.56.255,40003,TRUE,ICN,KR,Asia Pacific,Seoul,20473,AS-CHOOPA,375,14.19
138.2.19.1,61735,TRUE,NRT,JP,Asia Pacific,Tokyo,31898,ORACLE-BMC-31898,349,13.87
45.66.128.148,48388,TRUE,NRT,JP,Asia Pacific,Tokyo,3258,xTom Pty Ltd,567,13.15
140.238.36.35,58068,TRUE,NRT,JP,Asia Pacific,Tokyo,31898,ORACLE-BMC-31898,379,12.16
103.117.102.87,56404,TRUE,NRT,JP,Asia Pacific,Tokyo,906,DMIT,186,11.14
141.164.56.255,40010,TRUE,NRT,JP,Asia Pacific,Tokyo,20473,AS-CHOOPA,365,10.97
220.135.84.4,36641,TRUE,NRT,JP,Asia Pacific,Tokyo,3462,Data Communication Business Group,396,10.91
150.230.107.234,41381,TRUE,NRT,JP,Asia Pacific,Tokyo,31898,ORACLE-BMC-31898,374,10.58
138.2.21.196,44333,TRUE,NRT,JP,Asia Pacific,Tokyo,31898,ORACLE-BMC-31898,372,10.12
38.47.99.230,51443,TRUE,KIX,JP,Asia Pacific,Osaka,400464,VMISS,587,9.90
38.47.110.79,49200,TRUE,KIX,JP,Asia Pacific,Osaka,400464,VMISS,575,9.88
45.66.128.148,50053,TRUE,NRT,JP,Asia Pacific,Tokyo,3258,xTom Pty Ltd,594,9.76
155.248.183.175,41092,TRUE,NRT,JP,Asia Pacific,Tokyo,31898,ORACLE-BMC-31898,340,9.08
167.88.185.60,41847,TRUE,KIX,JP,Asia Pacific,Osaka,400464,VMISS,848,8.94
150.230.107.234,53780,TRUE,NRT,JP,Asia Pacific,Tokyo,31898,ORACLE-BMC-31898,362,8.77
193.111.31.133,50896,TRUE,NRT,JP,Asia Pacific,Tokyo,3258,xTom Pty Ltd,550,8.23
168.138.213.1,50003,TRUE,NRT,JP,Asia Pacific,Tokyo,31898,ORACLE-BMC-31898,371,8.22
59.127.223.93,36547,TRUE,NRT,JP,Asia Pacific,Tokyo,3462,Data Communication Business Group,421,8.18
118.219.166.120,37378,TRUE,ICN,KR,Asia Pacific,Seoul,9318,SK Broadband Co Ltd,341,8.11
85.113.70.29,42449,TRUE,NRT,JP,Asia Pacific,Tokyo,3258,xTom Pty Ltd,548,7.95
222.113.157.221,38825,TRUE,ICN,KR,Asia Pacific,Seoul,4766,Korea Telecom,322,7.72
141.164.56.255,40014,TRUE,NRT,JP,Asia Pacific,Tokyo,20473,AS-CHOOPA,450,7.70
222.238.154.82,39852,TRUE,ICN,KR,Asia Pacific,Seoul,9318,SK Broadband Co Ltd,340,7.47
168.126.182.190,37495,TRUE,ICN,KR,Asia Pacific,Seoul,4766,Korea Telecom,336,7.40
168.138.196.92,43138,TRUE,NRT,JP,Asia Pacific,Tokyo,31898,ORACLE-BMC-31898,412,7.39
222.103.176.231,37187,TRUE,ICN,KR,Asia Pacific,Seoul,4766,Korea Telecom,310,7.34
115.137.85.81,36764,TRUE,NRT,JP,Asia Pacific,Tokyo,17858,LG POWERCOMM,410,7.26
147.78.243.121,50114,TRUE,NRT,JP,Asia Pacific,Tokyo,3258,xTom Pty Ltd,610,7.20
59.127.223.93,37430,TRUE,NRT,JP,Asia Pacific,Tokyo,3462,Data Communication Business Group,425,7.12
141.164.56.255,40012,TRUE,NRT,JP,Asia Pacific,Tokyo,20473,AS-CHOOPA,374,7.09
58.230.12.228,37697,TRUE,ICN,KR,Asia Pacific,Seoul,9318,SK Broadband Co Ltd,322,7.04
218.152.105.119,37273,TRUE,ICN,KR,Asia Pacific,Seoul,4766,Korea Telecom,334,6.94
1.236.13.140,36333,TRUE,ICN,KR,Asia Pacific,Seoul,9318,SK Broadband Co Ltd,312,6.89
150.230.107.234,47236,TRUE,NRT,JP,Asia Pacific,Tokyo,31898,ORACLE-BMC-31898,357,6.88
14.44.61.169,37859,TRUE,ICN,KR,Asia Pacific,Seoul,4766,Korea Telecom,309,6.86
220.77.136.79,36429,TRUE,ICN,KR,Asia Pacific,Seoul,4766,Korea Telecom,305,6.84
59.24.92.220,38019,TRUE,ICN,KR,Asia Pacific,Seoul,4766,Korea Telecom,432,6.75
38.47.111.34,41119,TRUE,KIX,JP,Asia Pacific,Osaka,400464,VMISS,905,6.74
45.66.128.116,48367,TRUE,NRT,JP,Asia Pacific,Tokyo,3258,xTom Pty Ltd,563,6.70
123.111.198.83,39342,TRUE,ICN,KR,Asia Pacific,Seoul,9318,SK Broadband Co Ltd,367,6.60
59.1.172.186,36987,TRUE,ICN,KR,Asia Pacific,Seoul,4766,Korea Telecom,299,6.58
211.230.100.232,38741,TRUE,NRT,JP,Asia Pacific,Tokyo,4766,Korea Telecom,389,6.56
121.181.128.153,37721,TRUE,ICN,KR,Asia Pacific,Seoul,4766,Korea Telecom,329,6.54
122.35.111.172,38562,TRUE,NRT,JP,Asia Pacific,Tokyo,17858,LG POWERCOMM,385,6.39
121.155.35.114,36073,TRUE,NRT,JP,Asia Pacific,Tokyo,4766,Korea Telecom,421,6.39
211.219.249.144,36514,TRUE,NRT,JP,Asia Pacific,Tokyo,4766,Korea Telecom,360,6.37
122.35.111.172,36316,TRUE,NRT,JP,Asia Pacific,Tokyo,17858,LG POWERCOMM,397,6.37
182.224.50.51,37310,TRUE,NRT,JP,Asia Pacific,Tokyo,17858,LG POWERCOMM,414,6.33
125.227.70.180,37303,TRUE,NRT,JP,Asia Pacific,Tokyo,3462,Data Communication Business Group,342,6.31
49.172.159.105,36975,TRUE,NRT,JP,Asia Pacific,Tokyo,17858,LG POWERCOMM,409,6.30
182.231.142.84,38294,TRUE,NRT,JP,Asia Pacific,Tokyo,17858,LG POWERCOMM,426,6.30
61.78.246.83,38766,TRUE,NRT,JP,Asia Pacific,Tokyo,4766,Korea Telecom,422,6.26
222.119.24.197,39490,TRUE,ICN,KR,Asia Pacific,Seoul,4766,Korea Telecom,299,6.25
45.66.128.148,48792,TRUE,NRT,JP,Asia Pacific,Tokyo,3258,xTom Pty Ltd,561,6.13
210.183.35.135,36729,TRUE,ICN,KR,Asia Pacific,Seoul,4766,Korea Telecom,315,6.13
150.230.209.239,51272,TRUE,NRT,JP,Asia Pacific,Tokyo,31898,ORACLE-BMC-31898,356,6.10
119.194.34.220,37674,TRUE,ICN,KR,Asia Pacific,Seoul,4766,Korea Telecom,383,6.08
112.185.157.81,38720,TRUE,ICN,KR,Asia Pacific,Seoul,4766,Korea Telecom,328,6.07
122.35.111.172,36367,TRUE,NRT,JP,Asia Pacific,Tokyo,17858,LG POWERCOMM,387,6.07
58.230.12.228,39278,TRUE,ICN,KR,Asia Pacific,Seoul,9318,SK Broadband Co Ltd,329,6.07
119.197.88.5,39109,TRUE,ICN,KR,Asia Pacific,Seoul,4766,Korea Telecom,921,5.99
147.78.247.110,50009,TRUE,NRT,JP,Asia Pacific,Tokyo,3258,xTom Pty Ltd,594,5.99
38.47.111.79,44729,TRUE,KIX,JP,Asia Pacific,Osaka,400464,VMISS,532,5.99
221.157.238.95,36249,TRUE,ICN,KR,Asia Pacific,Seoul,4766,Korea Telecom,342,5.97
121.155.35.114,39719,TRUE,NRT,JP,Asia Pacific,Tokyo,4766,Korea Telecom,435,5.92
182.231.142.84,36485,TRUE,NRT,JP,Asia Pacific,Tokyo,17858,LG POWERCOMM,396,5.92
14.56.201.108,39038,TRUE,ICN,KR,Asia Pacific,Seoul,4766,Korea Telecom,324,5.90
211.230.100.232,39407,TRUE,NRT,JP,Asia Pacific,Tokyo,4766,Korea Telecom,389,5.89
121.155.35.114,37592,TRUE,NRT,JP,Asia Pacific,Tokyo,4766,Korea Telecom,415,5.88
1.221.213.28,36102,TRUE,NRT,JP,Asia Pacific,Tokyo,3786,LG DACOM Corporation,409,5.87
59.20.178.11,39019,TRUE,NRT,JP,Asia Pacific,Tokyo,4766,Korea Telecom,386,5.84
182.209.175.112,37926,TRUE,NRT,JP,Asia Pacific,Tokyo,17858,LG POWERCOMM,420,5.82
122.35.111.172,39023,TRUE,NRT,JP,Asia Pacific,Tokyo,17858,LG POWERCOMM,389,5.77
121.179.166.89,38273,TRUE,NRT,JP,Asia Pacific,Tokyo,4766,Korea Telecom,385,5.77
182.231.142.84,37001,TRUE,NRT,JP,Asia Pacific,Tokyo,17858,LG POWERCOMM,417,5.74
121.155.35.114,36422,TRUE,NRT,JP,Asia Pacific,Tokyo,4766,Korea Telecom,401,5.69
121.163.47.217,39109,TRUE,ICN,KR,Asia Pacific,Seoul,4766,Korea Telecom,333,5.66
122.35.111.172,36569,TRUE,NRT,JP,Asia Pacific,Tokyo,17858,LG POWERCOMM,416,5.65
222.111.243.188,38346,TRUE,NRT,JP,Asia Pacific,Tokyo,4766,Korea Telecom,423,5.63
141.164.56.255,40008,TRUE,ICN,KR,Asia Pacific,Seoul,20473,AS-CHOOPA,255,5.62
221.165.152.104,39718,TRUE,NRT,JP,Asia Pacific,Tokyo,4766,Korea Telecom,443,5.61
59.3.87.55,39109,TRUE,NRT,JP,Asia Pacific,Tokyo,4766,Korea Telecom,421,5.60
221.146.172.193,38567,TRUE,ICN,KR,Asia Pacific,Seoul,4766,Korea Telecom,301,5.57
183.109.191.146,38052,TRUE,NRT,JP,Asia Pacific,Tokyo,4766,Korea Telecom,401,5.55
193.122.126.64,53777,TRUE,NRT,JP,Asia Pacific,Tokyo,31898,ORACLE-BMC-31898,263,5.54
132.226.14.214,36637,TRUE,NRT,JP,Asia Pacific,Tokyo,31898,ORACLE-BMC-31898,378,5.54
1.241.218.157,39001,TRUE,ICN,KR,Asia Pacific,Seoul,9318,SK Broadband Co Ltd,309,5.53
122.35.111.172,37979,TRUE,NRT,JP,Asia Pacific,Tokyo,17858,LG POWERCOMM,396,5.52
222.111.243.188,37913,TRUE,NRT,JP,Asia Pacific,Tokyo,4766,Korea Telecom,427,5.52
141.164.56.255,40015,TRUE,ICN,KR,Asia Pacific,Seoul,20473,AS-CHOOPA,364,5.48
222.97.67.3,38422,TRUE,NRT,JP,Asia Pacific,Tokyo,4766,Korea Telecom,444,5.47
121.155.35.114,38407,TRUE,NRT,JP,Asia Pacific,Tokyo,4766,Korea Telecom,467,5.42
114.129.218.8,36196,TRUE,ICN,KR,Asia Pacific,Seoul,9981,Saero Network Service LTD,283,5.40
121.161.238.47,36597,TRUE,NRT,JP,Asia Pacific,Tokyo,4766,Korea Telecom,399,5.39
122.35.111.172,36471,TRUE,NRT,JP,Asia Pacific,Tokyo,17858,LG POWERCOMM,384,5.35
59.3.87.55,36530,TRUE,NRT,JP,Asia Pacific,Tokyo,4766,Korea Telecom,396,5.33
146.56.181.95,46237,TRUE,NRT,JP,Asia Pacific,Tokyo,31898,ORACLE-BMC-31898,362,5.33
61.79.154.177,39514,TRUE,NRT,JP,Asia Pacific,Tokyo,4766,Korea Telecom,433,5.32
61.84.62.196,36242,TRUE,ICN,KR,Asia Pacific,Seoul,4766,Korea Telecom,295,5.31
121.161.238.47,39090,TRUE,NRT,JP,Asia Pacific,Tokyo,4766,Korea Telecom,492,5.30
121.191.63.119,36228,TRUE,NRT,JP,Asia Pacific,Tokyo,4766,Korea Telecom,467,5.29
211.218.242.52,36839,TRUE,NRT,JP,Asia Pacific,Tokyo,4766,Korea Telecom,458,5.27
211.230.45.83,37362,TRUE,NRT,JP,Asia Pacific,Tokyo,4766,Korea Telecom,408,5.26
158.101.154.245,47001,TRUE,NRT,JP,Asia Pacific,Tokyo,31898,ORACLE-BMC-31898,392,5.25
202.144.195.68,54445,TRUE,NRT,JP,Asia Pacific,Tokyo,55799,IPTELECOM ASIA,209,5.21
218.153.122.205,39348,TRUE,NRT,JP,Asia Pacific,Tokyo,4766,Korea Telecom,433,5.20
140.238.40.107,41608,TRUE,NRT,JP,Asia Pacific,Tokyo,31898,ORACLE-BMC-31898,343,5.20
61.83.90.170,37729,TRUE,NRT,JP,Asia Pacific,Tokyo,4766,Korea Telecom,378,5.20
106.240.98.130,39641,TRUE,NRT,JP,Asia Pacific,Tokyo,3786,LG DACOM Corporation,462,5.18
14.54.27.148,36201,TRUE,ICN,KR,Asia Pacific,Seoul,4766,Korea Telecom,312,5.16
45.66.130.112,56060,TRUE,NRT,JP,Asia Pacific,Tokyo,3258,xTom Pty Ltd,563,5.15
114.129.192.41,37431,TRUE,ICN,KR,Asia Pacific,Seoul,9981,Saero Network Service LTD,430,5.14
115.91.95.202,37475,TRUE,NRT,JP,Asia Pacific,Tokyo,3786,LG DACOM Corporation,414,5.13
132.226.20.20,47494,TRUE,ICN,KR,Asia Pacific,Seoul,31898,ORACLE-BMC-31898,259,5.13
121.155.35.114,38858,TRUE,NRT,JP,Asia Pacific,Tokyo,4766,Korea Telecom,421,5.13
150.230.193.41,38443,TRUE,NRT,JP,Asia Pacific,Tokyo,31898,ORACLE-BMC-31898,358,5.13
221.160.205.130,38380,TRUE,NRT,JP,Asia Pacific,Tokyo,4766,Korea Telecom,411,5.12
124.51.24.155,37127,TRUE,NRT,JP,Asia Pacific,Tokyo,17858,LG POWERCOMM,394,5.12
58.125.118.230,37276,TRUE,ICN,KR,Asia Pacific,Seoul,9318,SK Broadband Co Ltd,336,5.12
115.91.95.202,37762,TRUE,NRT,JP,Asia Pacific,Tokyo,3786,LG DACOM Corporation,382,5.12
182.231.118.176,37089,TRUE,NRT,JP,Asia Pacific,Tokyo,17858,LG POWERCOMM,412,5.11
115.91.95.202,37119,TRUE,NRT,JP,Asia Pacific,Tokyo,3786,LG DACOM Corporation,409,5.10
1.221.213.28,36142,TRUE,NRT,JP,Asia Pacific,Tokyo,3786,LG DACOM Corporation,390,5.05
115.91.95.202,39592,TRUE,NRT,JP,Asia Pacific,Tokyo,3786,LG DACOM Corporation,427,5.05
182.224.50.51,36138,TRUE,NRT,JP,Asia Pacific,Tokyo,17858,LG POWERCOMM,420,5.01
193.123.247.125,50576,TRUE,NRT,JP,Asia Pacific,Tokyo,31898,ORACLE-BMC-31898,306,4.99
115.91.95.202,37957,TRUE,NRT,JP,Asia Pacific,Tokyo,3786,LG DACOM Corporation,414,4.98
38.47.96.138,39300,TRUE,KIX,JP,Asia Pacific,Osaka,400464,VMISS,439,4.98
222.104.197.149,38196,TRUE,NRT,JP,Asia Pacific,Tokyo,4766,Korea Telecom,433,4.97
118.130.23.168,38526,TRUE,NRT,JP,Asia Pacific,Tokyo,3786,LG DACOM Corporation,436,4.96
61.39.134.249,37372,TRUE,NRT,JP,Asia Pacific,Tokyo,3786,LG DACOM Corporation,535,4.93
222.104.197.149,36493,TRUE,NRT,JP,Asia Pacific,Tokyo,4766,Korea Telecom,369,4.92
109.107.137.22,44004,TRUE,NRT,JP,Asia Pacific,Tokyo,3258,xTom Pty Ltd,619,4.91
45.66.130.4,42221,TRUE,NRT,JP,Asia Pacific,Tokyo,3258,xTom Pty Ltd,613,4.91
121.155.35.114,38067,TRUE,NRT,JP,Asia Pacific,Tokyo,4766,Korea Telecom,421,4.90
106.252.227.66,38404,TRUE,NRT,JP,Asia Pacific,Tokyo,3786,LG DACOM Corporation,417,4.89
222.114.29.162,39123,TRUE,NRT,JP,Asia Pacific,Tokyo,4766,Korea Telecom,378,4.88
121.177.79.245,39593,TRUE,NRT,JP,Asia Pacific,Tokyo,4766,Korea Telecom,388,4.85
49.161.100.250,39471,TRUE,NRT,JP,Asia Pacific,Tokyo,17858,LG POWERCOMM,392,4.84
121.166.49.104,37363,TRUE,NRT,JP,Asia Pacific,Tokyo,4766,Korea Telecom,400,4.80
220.85.149.130,39179,TRUE,NRT,JP,Asia Pacific,Tokyo,4766,Korea Telecom,426,4.78
61.74.226.42,36945,TRUE,NRT,JP,Asia Pacific,Tokyo,4766,Korea Telecom,402,4.77
222.102.190.56,37271,TRUE,NRT,JP,Asia Pacific,Tokyo,4766,Korea Telecom,506,4.76
64.110.73.13,50829,TRUE,NRT,JP,Asia Pacific,Tokyo,31898,ORACLE-BMC-31898,325,4.71
106.241.165.67,39259,TRUE,NRT,JP,Asia Pacific,Tokyo,3786,LG DACOM Corporation,396,4.71
49.174.29.56,37691,TRUE,NRT,JP,Asia Pacific,Tokyo,17858,LG POWERCOMM,398,4.70
121.173.93.124,37370,TRUE,NRT,JP,Asia Pacific,Tokyo,4766,Korea Telecom,408,4.70
115.91.95.202,39199,TRUE,NRT,JP,Asia Pacific,Tokyo,3786,LG DACOM Corporation,407,4.70
14.44.61.169,38061,TRUE,NRT,JP,Asia Pacific,Tokyo,4766,Korea Telecom,366,4.68
123.100.185.50,38819,TRUE,KIX,JP,Asia Pacific,Osaka,38673,Korea Cable TV Kwangju Broadcasting,421,4.67
122.35.111.172,36643,TRUE,NRT,JP,Asia Pacific,Tokyo,17858,LG POWERCOMM,401,4.65
125.136.110.133,37178,TRUE,NRT,JP,Asia Pacific,Tokyo,4766,Korea Telecom,410,4.65
222.114.29.162,36678,TRUE,NRT,JP,Asia Pacific,Tokyo,4766,Korea Telecom,376,4.64
175.209.37.180,39549,TRUE,NRT,JP,Asia Pacific,Tokyo,4766,Korea Telecom,407,4.62
147.78.247.110,50027,TRUE,NRT,JP,Asia Pacific,Tokyo,3258,xTom Pty Ltd,597,4.61
121.172.184.114,39239,TRUE,NRT,JP,Asia Pacific,Tokyo,4766,Korea Telecom,408,4.61
106.252.227.66,38369,TRUE,NRT,JP,Asia Pacific,Tokyo,3786,LG DACOM Corporation,406,4.58
121.158.73.87,36845,TRUE,NRT,JP,Asia Pacific,Tokyo,4766,Korea Telecom,408,4.58
220.86.116.220,38728,TRUE,NRT,JP,Asia Pacific,Tokyo,4766,Korea Telecom,387,4.58
221.167.42.139,37593,TRUE,NRT,JP,Asia Pacific,Tokyo,4766,Korea Telecom,471,4.57
121.187.150.43,36862,TRUE,NRT,JP,Asia Pacific,Tokyo,4766,Korea Telecom,384,4.57
222.114.107.153,37135,TRUE,NRT,JP,Asia Pacific,Tokyo,4766,Korea Telecom,458,4.56
58.150.124.213,36479,TRUE,NRT,JP,Asia Pacific,Tokyo,3786,LG DACOM Corporation,417,4.51
118.222.33.248,36306,TRUE,ICN,KR,Asia Pacific,Seoul,9318,SK Broadband Co Ltd,316,4.48
222.104.197.149,37512,TRUE,NRT,JP,Asia Pacific,Tokyo,4766,Korea Telecom,386,4.47
106.252.227.66,39692,TRUE,NRT,JP,Asia Pacific,Tokyo,3786,LG DACOM Corporation,408,4.46
45.149.156.48,50013,TRUE,NRT,JP,Asia Pacific,Tokyo,3258,xTom Pty Ltd,792,4.46
220.86.116.220,37775,TRUE,NRT,JP,Asia Pacific,Tokyo,4766,Korea Telecom,406,4.45
106.242.64.238,36473,TRUE,NRT,JP,Asia Pacific,Tokyo,3786,LG DACOM Corporation,390,4.45
211.34.128.156,38637,TRUE,NRT,JP,Asia Pacific,Tokyo,4766,Korea Telecom,417,4.45
211.248.217.7,37412,TRUE,NRT,JP,Asia Pacific,Tokyo,4766,Korea Telecom,367,4.44
220.70.23.45,38723,TRUE,NRT,JP,Asia Pacific,Tokyo,4766,Korea Telecom,434,4.39
112.219.136.229,36470,TRUE,NRT,JP,Asia Pacific,Tokyo,3786,LG DACOM Corporation,425,4.38
211.250.13.224,39241,TRUE,NRT,JP,Asia Pacific,Tokyo,4766,Korea Telecom,506,4.37
183.97.62.155,37441,TRUE,NRT,JP,Asia Pacific,Tokyo,4766,Korea Telecom,426,4.37
221.161.19.212,39314,TRUE,NRT,JP,Asia Pacific,Tokyo,4766,Korea Telecom,378,4.37
220.81.132.214,39670,TRUE,NRT,JP,Asia Pacific,Tokyo,4766,Korea Telecom,383,4.35
130.162.155.205,45742,TRUE,NRT,JP,Asia Pacific,Tokyo,31898,ORACLE-BMC-31898,398,4.35
222.96.68.2,39242,TRUE,NRT,JP,Asia Pacific,Tokyo,4766,Korea Telecom,391,4.35
58.151.95.245,36657,TRUE,NRT,JP,Asia Pacific,Tokyo,3786,LG DACOM Corporation,433,4.30
121.175.54.166,38781,TRUE,NRT,JP,Asia Pacific,Tokyo,4766,Korea Telecom,386,4.28
146.56.146.8,43265,TRUE,NRT,JP,Asia Pacific,Tokyo,31898,ORACLE-BMC-31898,358,4.26
61.73.152.230,38022,TRUE,NRT,JP,Asia Pacific,Tokyo,4766,Korea Telecom,396,4.25
1.221.115.142,38928,TRUE,NRT,JP,Asia Pacific,Tokyo,3786,LG DACOM Corporation,447,4.23
124.54.215.61,37771,TRUE,NRT,JP,Asia Pacific,Tokyo,17858,LG POWERCOMM,400,4.23
1.220.161.218,38506,TRUE,NRT,JP,Asia Pacific,Tokyo,3786,LG DACOM Corporation,422,4.23
211.251.204.117,38950,TRUE,NRT,JP,Asia Pacific,Tokyo,4766,Korea Telecom,394,4.22
220.118.210.239,39766,TRUE,NRT,JP,Asia Pacific,Tokyo,4766,Korea Telecom,438,4.22
121.176.33.148,37171,TRUE,NRT,JP,Asia Pacific,Tokyo,4766,Korea Telecom,368,4.22
221.166.234.169,37835,TRUE,NRT,JP,Asia Pacific,Tokyo,4766,Korea Telecom,377,4.20
182.225.8.184,37434,TRUE,NRT,JP,Asia Pacific,Tokyo,17858,LG POWERCOMM,444,4.20
112.152.52.240,36285,TRUE,NRT,JP,Asia Pacific,Tokyo,17858,LG POWERCOMM,402,4.19
121.182.66.134,38258,TRUE,NRT,JP,Asia Pacific,Tokyo,4766,Korea Telecom,461,4.19
106.252.227.66,38834,TRUE,NRT,JP,Asia Pacific,Tokyo,3786,LG DACOM Corporation,383,4.18
121.161.238.47,39633,TRUE,NRT,JP,Asia Pacific,Tokyo,4766,Korea Telecom,401,4.18
222.102.190.56,36753,TRUE,NRT,JP,Asia Pacific,Tokyo,4766,Korea Telecom,405,4.15
112.219.136.229,38146,TRUE,NRT,JP,Asia Pacific,Tokyo,3786,LG DACOM Corporation,452,4.15
115.91.95.202,36610,TRUE,NRT,JP,Asia Pacific,Tokyo,3786,LG DACOM Corporation,412,4.14
211.250.13.224,39517,TRUE,NRT,JP,Asia Pacific,Tokyo,4766,Korea Telecom,395,4.13
112.152.52.240,36691,TRUE,NRT,JP,Asia Pacific,Tokyo,17858,LG POWERCOMM,423,4.10
59.17.109.133,39180,TRUE,NRT,JP,Asia Pacific,Tokyo,4766,Korea Telecom,416,4.09
58.151.95.245,39598,TRUE,NRT,JP,Asia Pacific,Tokyo,3786,LG DACOM Corporation,443,4.09
118.43.62.137,36991,TRUE,NRT,JP,Asia Pacific,Tokyo,4766,Korea Telecom,427,4.05
59.5.68.223,39305,TRUE,NRT,JP,Asia Pacific,Tokyo,4766,Korea Telecom,408,4.04
121.66.75.13,36107,TRUE,NRT,JP,Asia Pacific,Tokyo,3786,LG DACOM Corporation,426,4.04
112.220.156.234,45013,TRUE,NRT,JP,Asia Pacific,Tokyo,3786,LG DACOM Corporation,453,4.00
121.163.220.247,39966,TRUE,NRT,JP,Asia Pacific,Tokyo,4766,Korea Telecom,447,4.00
221.164.43.248,39504,TRUE,NRT,JP,Asia Pacific,Tokyo,4766,Korea Telecom,402,3.99
211.185.1.86,37506,TRUE,NRT,JP,Asia Pacific,Tokyo,4766,Korea Telecom,393,3.99
119.201.234.228,39394,TRUE,NRT,JP,Asia Pacific,Tokyo,4766,Korea Telecom,354,3.99
61.39.134.249,39838,TRUE,HKG,HK,Asia Pacific,Hong Kong,3786,LG DACOM Corporation,468,3.98
211.250.13.224,39696,TRUE,NRT,JP,Asia Pacific,Tokyo,4766,Korea Telecom,428,3.97
58.151.95.245,39400,TRUE,NRT,JP,Asia Pacific,Tokyo,3786,LG DACOM Corporation,505,3.95
121.182.66.134,39732,TRUE,NRT,JP,Asia Pacific,Tokyo,4766,Korea Telecom,386,3.95
59.22.44.19,37204,TRUE,NRT,JP,Asia Pacific,Tokyo,4766,Korea Telecom,374,3.95
221.161.19.212,39124,TRUE,NRT,JP,Asia Pacific,Tokyo,4766,Korea Telecom,386,3.95
211.248.90.230,38161,TRUE,NRT,JP,Asia Pacific,Tokyo,4766,Korea Telecom,420,3.94
59.22.44.19,39310,TRUE,NRT,JP,Asia Pacific,Tokyo,4766,Korea Telecom,370,3.93
112.219.136.229,39825,TRUE,NRT,JP,Asia Pacific,Tokyo,3786,LG DACOM Corporation,424,3.92
112.152.248.81,36352,TRUE,NRT,JP,Asia Pacific,Tokyo,17858,LG POWERCOMM,387,3.90
49.170.219.179,38207,TRUE,NRT,JP,Asia Pacific,Tokyo,17858,LG POWERCOMM,410,3.90
61.76.54.186,39480,TRUE,NRT,JP,Asia Pacific,Tokyo,4766,Korea Telecom,378,3.89
125.139.225.100,39556,TRUE,NRT,JP,Asia Pacific,Tokyo,4766,Korea Telecom,390,3.88
61.84.231.128,36767,TRUE,NRT,JP,Asia Pacific,Tokyo,4766,Korea Telecom,724,3.88
118.40.232.24,36278,TRUE,NRT,JP,Asia Pacific,Tokyo,4766,Korea Telecom,391,3.86
221.161.19.212,36413,TRUE,NRT,JP,Asia Pacific,Tokyo,4766,Korea Telecom,399,3.86
117.110.5.245,38684,TRUE,NRT,JP,Asia Pacific,Tokyo,17858,LG POWERCOMM,411,3.86
220.83.127.148,39101,TRUE,NRT,JP,Asia Pacific,Tokyo,4766,Korea Telecom,424,3.86
106.252.227.66,36848,TRUE,NRT,JP,Asia Pacific,Tokyo,3786,LG DACOM Corporation,409,3.85
59.22.44.19,39703,TRUE,NRT,JP,Asia Pacific,Tokyo,4766,Korea Telecom,362,3.84
211.250.13.224,38851,TRUE,NRT,JP,Asia Pacific,Tokyo,4766,Korea Telecom,410,3.84
122.199.106.94,45014,TRUE,ICN,KR,Asia Pacific,Seoul,9981,Saero Network Service LTD,289,3.84
175.211.245.51,38341,TRUE,NRT,JP,Asia Pacific,Tokyo,4766,Korea Telecom,388,3.83
221.159.203.188,39669,TRUE,NRT,JP,Asia Pacific,Tokyo,4766,Korea Telecom,422,3.83
221.161.19.212,36885,TRUE,NRT,JP,Asia Pacific,Tokyo,4766,Korea Telecom,390,3.82
221.159.203.188,39437,TRUE,NRT,JP,Asia Pacific,Tokyo,4766,Korea Telecom,439,3.82
59.22.44.19,38010,TRUE,NRT,JP,Asia Pacific,Tokyo,4766,Korea Telecom,382,3.82
220.95.88.177,39241,TRUE,ICN,KR,Asia Pacific,Seoul,4766,Korea Telecom,318,3.82
211.250.134.12,36118,TRUE,NRT,JP,Asia Pacific,Tokyo,4766,Korea Telecom,421,3.81
221.159.203.188,38184,TRUE,NRT,JP,Asia Pacific,Tokyo,4766,Korea Telecom,402,3.81
221.154.46.162,39370,TRUE,NRT,JP,Asia Pacific,Tokyo,4766,Korea Telecom,410,3.81
118.40.129.200,39657,TRUE,NRT,JP,Asia Pacific,Tokyo,4766,Korea Telecom,614,3.81
125.136.110.133,38056,TRUE,NRT,JP,Asia Pacific,Tokyo,4766,Korea Telecom,395,3.80
210.179.134.39,37994,TRUE,NRT,JP,Asia Pacific,Tokyo,4766,Korea Telecom,422,3.78
152.70.100.102,58312,TRUE,NRT,JP,Asia Pacific,Tokyo,31898,ORACLE-BMC-31898,469,3.77
61.73.152.230,37237,TRUE,NRT,JP,Asia Pacific,Tokyo,4766,Korea Telecom,397,3.76
150.230.214.172,36734,TRUE,HKG,HK,Asia Pacific,Hong Kong,31898,ORACLE-BMC-31898,520,3.76
183.100.81.229,38661,TRUE,NRT,JP,Asia Pacific,Tokyo,4766,Korea Telecom,439,3.74
222.113.255.205,36945,TRUE,NRT,JP,Asia Pacific,Tokyo,4766,Korea Telecom,385,3.74
221.166.248.108,39019,TRUE,NRT,JP,Asia Pacific,Tokyo,4766,Korea Telecom,398,3.73
45.66.128.148,47998,TRUE,NRT,JP,Asia Pacific,Tokyo,3258,xTom Pty Ltd,527,3.71
59.17.109.133,37383,TRUE,NRT,JP,Asia Pacific,Tokyo,4766,Korea Telecom,432,3.71
210.179.134.39,37769,TRUE,NRT,JP,Asia Pacific,Tokyo,4766,Korea Telecom,400,3.70
121.162.197.175,37353,TRUE,NRT,JP,Asia Pacific,Tokyo,4766,Korea Telecom,399,3.70
211.46.225.120,39860,TRUE,NRT,JP,Asia Pacific,Tokyo,4766,Korea Telecom,403,3.68
218.157.191.205,38279,TRUE,NRT,JP,Asia Pacific,Tokyo,4766,Korea Telecom,414,3.68
61.73.152.230,38857,TRUE,NRT,JP,Asia Pacific,Tokyo,4766,Korea Telecom,446,3.67
121.176.33.148,38373,TRUE,NRT,JP,Asia Pacific,Tokyo,4766,Korea Telecom,396,3.66
218.153.122.205,36200,TRUE,NRT,JP,Asia Pacific,Tokyo,4766,Korea Telecom,442,3.66
49.170.219.179,37799,TRUE,NRT,JP,Asia Pacific,Tokyo,17858,LG POWERCOMM,445,3.66
222.105.100.2,37129,TRUE,NRT,JP,Asia Pacific,Tokyo,4766,Korea Telecom,406,3.66
106.252.227.66,37560,TRUE,NRT,JP,Asia Pacific,Tokyo,3786,LG DACOM Corporation,418,3.66
211.248.166.42,36640,TRUE,NRT,JP,Asia Pacific,Tokyo,4766,Korea Telecom,397,3.65
59.17.24.232,36968,TRUE,NRT,JP,Asia Pacific,Tokyo,4766,Korea Telecom,409,3.64
121.162.197.175,39201,TRUE,NRT,JP,Asia Pacific,Tokyo,4766,Korea Telecom,405,3.64
211.46.225.120,39969,TRUE,NRT,JP,Asia Pacific,Tokyo,4766,Korea Telecom,399,3.63
125.139.225.100,37610,TRUE,NRT,JP,Asia Pacific,Tokyo,4766,Korea Telecom,387,3.63
112.152.52.240,37180,TRUE,NRT,JP,Asia Pacific,Tokyo,17858,LG POWERCOMM,489,3.62
121.155.35.114,36527,TRUE,NRT,JP,Asia Pacific,Tokyo,4766,Korea Telecom,436,3.62
121.143.32.85,36585,TRUE,NRT,JP,Asia Pacific,Tokyo,4766,Korea Telecom,413,3.62
106.252.227.66,37281,TRUE,NRT,JP,Asia Pacific,Tokyo,3786,LG DACOM Corporation,409,3.60
220.81.178.30,39991,TRUE,NRT,JP,Asia Pacific,Tokyo,4766,Korea Telecom,395,3.60
121.155.35.114,38328,TRUE,NRT,JP,Asia Pacific,Tokyo,4766,Korea Telecom,423,3.60
121.151.80.184,38292,TRUE,ICN,KR,Asia Pacific,Seoul,4766,Korea Telecom,326,3.59
119.201.234.228,38174,TRUE,NRT,JP,Asia Pacific,Tokyo,4766,Korea Telecom,366,3.58
118.41.7.140,38827,TRUE,NRT,JP,Asia Pacific,Tokyo,4766,Korea Telecom,399,3.58
220.81.178.30,38791,TRUE,NRT,JP,Asia Pacific,Tokyo,4766,Korea Telecom,378,3.58
211.114.223.43,38002,TRUE,NRT,JP,Asia Pacific,Tokyo,4766,Korea Telecom,403,3.57
182.225.8.184,36157,TRUE,NRT,JP,Asia Pacific,Tokyo,17858,LG POWERCOMM,424,3.56
180.67.14.136,37213,TRUE,ICN,KR,Asia Pacific,Seoul,9318,SK Broadband Co Ltd,414,3.55
112.152.52.240,37996,TRUE,NRT,JP,Asia Pacific,Tokyo,17858,LG POWERCOMM,408,3.55
8.210.130.11,49025,TRUE,NRT,JP,Asia Pacific,Tokyo,45102,"Alibaba US Technology Co., Ltd.",553,3.53
121.183.17.222,36282,TRUE,NRT,JP,Asia Pacific,Tokyo,4766,Korea Telecom,407,3.53
222.111.243.188,38836,TRUE,NRT,JP,Asia Pacific,Tokyo,4766,Korea Telecom,404,3.51
61.73.152.230,39158,TRUE,NRT,JP,Asia Pacific,Tokyo,4766,Korea Telecom,416,3.51
175.200.121.85,39946,TRUE,NRT,JP,Asia Pacific,Tokyo,4766,Korea Telecom,652,3.49
112.187.207.236,36371,TRUE,NRT,JP,Asia Pacific,Tokyo,4766,Korea Telecom,729,3.49
59.22.44.19,37351,TRUE,NRT,JP,Asia Pacific,Tokyo,4766,Korea Telecom,363,3.49
112.152.52.240,38672,TRUE,NRT,JP,Asia Pacific,Tokyo,17858,LG POWERCOMM,426,3.49
121.163.220.247,37723,TRUE,NRT,JP,Asia Pacific,Tokyo,4766,Korea Telecom,387,3.48
220.83.127.148,36198,TRUE,NRT,JP,Asia Pacific,Tokyo,4766,Korea Telecom,379,3.48
182.210.222.7,36790,TRUE,NRT,JP,Asia Pacific,Tokyo,17858,LG POWERCOMM,423,3.48
121.179.68.136,37079,TRUE,NRT,JP,Asia Pacific,Tokyo,4766,Korea Telecom,439,3.48
221.159.203.188,36980,TRUE,NRT,JP,Asia Pacific,Tokyo,4766,Korea Telecom,403,3.47
211.224.253.170,38736,TRUE,NRT,JP,Asia Pacific,Tokyo,4766,Korea Telecom,396,3.47
1.222.68.205,37145,TRUE,NRT,JP,Asia Pacific,Tokyo,3786,LG DACOM Corporation,429,3.47
211.192.242.211,36323,TRUE,NRT,JP,Asia Pacific,Tokyo,4766,Korea Telecom,669,3.46
147.78.247.212,51722,TRUE,NRT,JP,Asia Pacific,Tokyo,3258,xTom Pty Ltd,549,3.46
59.22.44.19,37058,TRUE,NRT,JP,Asia Pacific,Tokyo,4766,Korea Telecom,378,3.46
59.22.44.19,37289,TRUE,NRT,JP,Asia Pacific,Tokyo,4766,Korea Telecom,382,3.46
121.179.68.136,39173,TRUE,NRT,JP,Asia Pacific,Tokyo,4766,Korea Telecom,399,3.45
125.143.31.169,38043,TRUE,NRT,JP,Asia Pacific,Tokyo,4766,Korea Telecom,415,3.44
121.179.68.136,38368,TRUE,NRT,JP,Asia Pacific,Tokyo,4766,Korea Telecom,371,3.44
121.179.68.136,38015,TRUE,NRT,JP,Asia Pacific,Tokyo,4766,Korea Telecom,408,3.43
112.219.136.229,37342,TRUE,NRT,JP,Asia Pacific,Tokyo,3786,LG DACOM Corporation,401,3.41
211.46.225.120,38462,TRUE,NRT,JP,Asia Pacific,Tokyo,4766,Korea Telecom,398,3.41
211.224.253.170,36975,TRUE,NRT,JP,Asia Pacific,Tokyo,4766,Korea Telecom,390,3.40
121.162.197.175,36514,TRUE,NRT,JP,Asia Pacific,Tokyo,4766,Korea Telecom,432,3.40
61.84.231.128,37192,TRUE,NRT,JP,Asia Pacific,Tokyo,4766,Korea Telecom,663,3.40
210.204.133.179,37065,TRUE,NRT,JP,Asia Pacific,Tokyo,4766,Korea Telecom,438,3.38
121.187.111.13,36676,TRUE,NRT,JP,Asia Pacific,Tokyo,4766,Korea Telecom,481,3.38
183.105.100.125,36243,TRUE,NRT,JP,Asia Pacific,Tokyo,4766,Korea Telecom,393,3.38
106.252.227.66,39201,TRUE,NRT,JP,Asia Pacific,Tokyo,3786,LG DACOM Corporation,405,3.36
59.17.109.133,39349,TRUE,NRT,JP,Asia Pacific,Tokyo,4766,Korea Telecom,409,3.36
121.175.54.166,39496,TRUE,NRT,JP,Asia Pacific,Tokyo,4766,Korea Telecom,356,3.30
45.66.131.67,46788,TRUE,NRT,JP,Asia Pacific,Tokyo,3258,xTom Pty Ltd,544,3.29
211.250.155.181,39449,TRUE,NRT,JP,Asia Pacific,Tokyo,4766,Korea Telecom,398,3.27
49.170.219.179,37055,TRUE,NRT,JP,Asia Pacific,Tokyo,17858,LG POWERCOMM,385,3.26
121.183.17.222,39050,TRUE,NRT,JP,Asia Pacific,Tokyo,4766,Korea Telecom,464,3.25
211.224.253.170,39572,TRUE,NRT,JP,Asia Pacific,Tokyo,4766,Korea Telecom,434,3.25
45.66.129.126,46634,TRUE,NRT,JP,Asia Pacific,Tokyo,3258,xTom Pty Ltd,561,3.24
8.217.121.219,49025,TRUE,NRT,JP,Asia Pacific,Tokyo,45102,"Alibaba US Technology Co., Ltd.",527,3.23
221.158.190.76,39442,TRUE,NRT,JP,Asia Pacific,Tokyo,4766,Korea Telecom,385,3.22
119.201.234.228,39958,TRUE,NRT,JP,Asia Pacific,Tokyo,4766,Korea Telecom,394,3.22
182.225.8.184,38316,TRUE,NRT,JP,Asia Pacific,Tokyo,17858,LG POWERCOMM,434,3.22
106.252.227.66,39350,TRUE,NRT,JP,Asia Pacific,Tokyo,3786,LG DACOM Corporation,415,3.18
210.204.133.179,39699,TRUE,NRT,JP,Asia Pacific,Tokyo,4766,Korea Telecom,424,3.17
182.210.222.7,39244,TRUE,NRT,JP,Asia Pacific,Tokyo,17858,LG POWERCOMM,431,3.17
14.33.44.219,38683,TRUE,NRT,JP,Asia Pacific,Tokyo,4766,Korea Telecom,680,3.14
211.42.210.76,39045,TRUE,NRT,JP,Asia Pacific,Tokyo,4766,Korea Telecom,427,3.14
121.183.17.222,36966,TRUE,NRT,JP,Asia Pacific,Tokyo,4766,Korea Telecom,404,3.13
121.179.68.136,38043,TRUE,NRT,JP,Asia Pacific,Tokyo,4766,Korea Telecom,405,3.11
121.162.197.175,39904,TRUE,NRT,JP,Asia Pacific,Tokyo,4766,Korea Telecom,392,3.11
210.204.133.179,38080,TRUE,NRT,JP,Asia Pacific,Tokyo,4766,Korea Telecom,436,3.09
211.46.225.120,38113,TRUE,NRT,JP,Asia Pacific,Tokyo,4766,Korea Telecom,474,3.09
175.214.207.117,36908,TRUE,NRT,JP,Asia Pacific,Tokyo,4766,Korea Telecom,371,3.09
59.17.109.133,39677,TRUE,NRT,JP,Asia Pacific,Tokyo,4766,Korea Telecom,415,3.08
61.73.152.230,39252,TRUE,NRT,JP,Asia Pacific,Tokyo,4766,Korea Telecom,446,3.07
220.70.148.228,39696,TRUE,NRT,JP,Asia Pacific,Tokyo,4766,Korea Telecom,423,3.00
45.66.131.11,54544,TRUE,NRT,JP,Asia Pacific,Tokyo,3258,xTom Pty Ltd,551,2.99
222.116.29.213,37309,TRUE,NRT,JP,Asia Pacific,Tokyo,4766,Korea Telecom,508,2.97
123.111.198.83,38626,TRUE,ICN,KR,Asia Pacific,Seoul,9318,SK Broadband Co Ltd,374,2.95
210.204.129.145,37799,TRUE,NRT,JP,Asia Pacific,Tokyo,4766,Korea Telecom,443,2.94
59.17.109.133,39939,TRUE,NRT,JP,Asia Pacific,Tokyo,4766,Korea Telecom,434,2.92
59.22.44.19,36974,TRUE,NRT,JP,Asia Pacific,Tokyo,4766,Korea Telecom,369,2.91
183.100.34.122,36090,TRUE,NRT,JP,Asia Pacific,Tokyo,4766,Korea Telecom,405,2.86
221.140.114.167,38872,TRUE,ICN,KR,Asia Pacific,Seoul,9318,SK Broadband Co Ltd,356,2.86
175.198.127.166,38653,TRUE,NRT,JP,Asia Pacific,Tokyo,4766,Korea Telecom,646,2.82
121.143.32.85,36854,TRUE,NRT,JP,Asia Pacific,Tokyo,4766,Korea Telecom,393,2.82
211.42.210.76,38283,TRUE,NRT,JP,Asia Pacific,Tokyo,4766,Korea Telecom,420,2.82
59.31.73.84,39932,TRUE,NRT,JP,Asia Pacific,Tokyo,4766,Korea Telecom,708,2.80
222.114.183.132,38080,TRUE,NRT,JP,Asia Pacific,Tokyo,4766,Korea Telecom,420,2.79
211.54.97.135,36098,TRUE,NRT,JP,Asia Pacific,Tokyo,4766,Korea Telecom,393,2.77
182.225.8.184,38551,TRUE,NRT,JP,Asia Pacific,Tokyo,17858,LG POWERCOMM,481,2.77
141.98.197.103,55271,TRUE,NRT,JP,Asia Pacific,Tokyo,3258,xTom Pty Ltd,562,2.76
121.175.54.166,39942,TRUE,NRT,JP,Asia Pacific,Tokyo,4766,Korea Telecom,392,2.75
59.31.73.84,39042,TRUE,NRT,JP,Asia Pacific,Tokyo,4766,Korea Telecom,668,2.72
59.31.73.84,36291,TRUE,NRT,JP,Asia Pacific,Tokyo,4766,Korea Telecom,683,2.72
182.210.222.7,39985,TRUE,NRT,JP,Asia Pacific,Tokyo,17858,LG POWERCOMM,423,2.69
118.42.241.216,37886,TRUE,NRT,JP,Asia Pacific,Tokyo,4766,Korea Telecom,423,2.66
103.150.8.236,36704,TRUE,NRT,JP,Asia Pacific,Tokyo,3258,xTom Pty Ltd,554,2.66
220.134.160.237,39757,TRUE,NRT,JP,Asia Pacific,Tokyo,3462,Data Communication Business Group,468,2.58
175.208.38.8,36246,TRUE,NRT,JP,Asia Pacific,Tokyo,4766,Korea Telecom,401,2.48
175.193.62.86,37802,TRUE,NRT,JP,Asia Pacific,Tokyo,4766,Korea Telecom,708,2.48
14.56.204.123,38499,TRUE,NRT,JP,Asia Pacific,Tokyo,4766,Korea Telecom,634,2.47
211.224.253.170,38023,TRUE,NRT,JP,Asia Pacific,Tokyo,4766,Korea Telecom,426,2.47
122.118.192.102,37843,TRUE,NRT,JP,Asia Pacific,Tokyo,3462,Data Communication Business Group,352,2.45
59.31.73.84,37297,TRUE,NRT,JP,Asia Pacific,Tokyo,4766,Korea Telecom,666,2.36
122.254.159.183,36495,TRUE,ICN,KR,Asia Pacific,Seoul,17857,SK Broadband Co Ltd,422,2.36
118.37.148.82,39195,TRUE,NRT,JP,Asia Pacific,Tokyo,4766,Korea Telecom,682,2.33
121.148.98.176,37927,TRUE,NRT,JP,Asia Pacific,Tokyo,4766,Korea Telecom,674,2.32
59.31.73.84,37400,TRUE,NRT,JP,Asia Pacific,Tokyo,4766,Korea Telecom,713,2.32
45.66.217.121,59597,TRUE,NRT,JP,Asia Pacific,Tokyo,3258,xTom Pty Ltd,618,2.30
118.37.148.82,39627,TRUE,NRT,JP,Asia Pacific,Tokyo,4766,Korea Telecom,730,2.30
14.33.7.164,39297,TRUE,NRT,JP,Asia Pacific,Tokyo,4766,Korea Telecom,692,2.27
59.31.73.84,38440,TRUE,NRT,JP,Asia Pacific,Tokyo,4766,Korea Telecom,726,2.25
126.114.195.197,36831,TRUE,NRT,JP,Asia Pacific,Tokyo,17676,SoftBank Corp.,267,2.24
122.35.111.172,38054,TRUE,NRT,JP,Asia Pacific,Tokyo,17858,LG POWERCOMM,391,2.23
221.144.162.10,37197,TRUE,NRT,JP,Asia Pacific,Tokyo,4766,Korea Telecom,726,2.23
121.128.241.253,38238,TRUE,NRT,JP,Asia Pacific,Tokyo,4766,Korea Telecom,672,2.22
221.147.85.243,39786,TRUE,NRT,JP,Asia Pacific,Tokyo,4766,Korea Telecom,714,2.22
14.33.7.164,36688,TRUE,NRT,JP,Asia Pacific,Tokyo,4766,Korea Telecom,666,2.22
221.150.179.31,37842,TRUE,NRT,JP,Asia Pacific,Tokyo,4766,Korea Telecom,714,2.21
221.147.85.243,37408,TRUE,NRT,JP,Asia Pacific,Tokyo,4766,Korea Telecom,776,2.20
220.120.117.45,36780,TRUE,NRT,JP,Asia Pacific,Tokyo,4766,Korea Telecom,753,2.16
112.187.143.178,38369,TRUE,NRT,JP,Asia Pacific,Tokyo,4766,Korea Telecom,718,2.15
221.150.179.31,36702,TRUE,NRT,JP,Asia Pacific,Tokyo,4766,Korea Telecom,804,2.15
121.155.35.114,39099,TRUE,NRT,JP,Asia Pacific,Tokyo,4766,Korea Telecom,476,2.13
112.185.115.168,37330,TRUE,NRT,JP,Asia Pacific,Tokyo,4766,Korea Telecom,668,2.13
112.168.91.60,38220,TRUE,NRT,JP,Asia Pacific,Tokyo,4766,Korea Telecom,807,2.13
121.155.35.114,37853,TRUE,NRT,JP,Asia Pacific,Tokyo,4766,Korea Telecom,473,2.11
14.37.253.56,39282,TRUE,NRT,JP,Asia Pacific,Tokyo,4766,Korea Telecom,733,2.11
175.193.62.86,39852,TRUE,NRT,JP,Asia Pacific,Tokyo,4766,Korea Telecom,766,2.10
112.184.184.161,36204,TRUE,NRT,JP,Asia Pacific,Tokyo,4766,Korea Telecom,652,2.10
175.198.127.166,37515,TRUE,NRT,JP,Asia Pacific,Tokyo,4766,Korea Telecom,700,2.09
220.77.200.72,36903,TRUE,NRT,JP,Asia Pacific,Tokyo,4766,Korea Telecom,725,2.09
112.164.48.155,37522,TRUE,NRT,JP,Asia Pacific,Tokyo,4766,Korea Telecom,708,2.08
175.193.62.86,38408,TRUE,NRT,JP,Asia Pacific,Tokyo,4766,Korea Telecom,690,2.07
221.150.179.31,36322,TRUE,NRT,JP,Asia Pacific,Tokyo,4766,Korea Telecom,691,2.07
210.222.133.55,37725,TRUE,NRT,JP,Asia Pacific,Tokyo,4766,Korea Telecom,688,2.06
115.91.95.202,36576,TRUE,NRT,JP,Asia Pacific,Tokyo,3786,LG DACOM Corporation,386,2.04
119.192.23.50,37094,TRUE,NRT,JP,Asia Pacific,Tokyo,4766,Korea Telecom,747,2.04
175.198.127.166,38445,TRUE,NRT,JP,Asia Pacific,Tokyo,4766,Korea Telecom,673,2.04
211.231.136.72,37673,TRUE,NRT,JP,Asia Pacific,Tokyo,4766,Korea Telecom,671,2.04
59.11.149.84,38706,TRUE,NRT,JP,Asia Pacific,Tokyo,4766,Korea Telecom,656,2.02
59.11.149.84,39366,TRUE,NRT,JP,Asia Pacific,Tokyo,4766,Korea Telecom,659,2.01
210.222.89.200,39146,TRUE,NRT,JP,Asia Pacific,Tokyo,4766,Korea Telecom,700,2.00
221.144.162.10,36188,TRUE,NRT,JP,Asia Pacific,Tokyo,4766,Korea Telecom,724,1.98
211.224.253.170,38684,TRUE,NRT,JP,Asia Pacific,Tokyo,4766,Korea Telecom,416,1.97
112.170.224.145,37438,TRUE,NRT,JP,Asia Pacific,Tokyo,4766,Korea Telecom,769,1.96
180.224.71.123,36213,TRUE,NRT,JP,Asia Pacific,Tokyo,17858,LG POWERCOMM,419,1.96
14.53.189.169,38333,TRUE,NRT,JP,Asia Pacific,Tokyo,4766,Korea Telecom,756,1.96
211.199.177.198,39578,TRUE,NRT,JP,Asia Pacific,Tokyo,4766,Korea Telecom,659,1.95
175.194.208.17,38765,TRUE,NRT,JP,Asia Pacific,Tokyo,4766,Korea Telecom,663,1.94
14.38.25.11,36805,TRUE,NRT,JP,Asia Pacific,Tokyo,4766,Korea Telecom,659,1.94
119.192.23.50,38726,TRUE,NRT,JP,Asia Pacific,Tokyo,4766,Korea Telecom,728,1.94
112.184.9.147,38564,TRUE,NRT,JP,Asia Pacific,Tokyo,4766,Korea Telecom,702,1.94
59.13.113.190,36776,TRUE,NRT,JP,Asia Pacific,Tokyo,4766,Korea Telecom,662,1.93
119.199.216.17,39558,TRUE,NRT,JP,Asia Pacific,Tokyo,4766,Korea Telecom,776,1.93
175.193.62.86,39466,TRUE,NRT,JP,Asia Pacific,Tokyo,4766,Korea Telecom,653,1.93
222.121.61.109,39842,TRUE,NRT,JP,Asia Pacific,Tokyo,4766,Korea Telecom,758,1.92
59.25.134.26,39130,TRUE,NRT,JP,Asia Pacific,Tokyo,4766,Korea Telecom,692,1.91
59.24.250.133,38978,TRUE,NRT,JP,Asia Pacific,Tokyo,4766,Korea Telecom,767,1.89
126.114.195.197,38894,TRUE,NRT,JP,Asia Pacific,Tokyo,17676,SoftBank Corp.,289,1.89
175.199.66.14,38471,TRUE,NRT,JP,Asia Pacific,Tokyo,4766,Korea Telecom,668,1.88
119.193.241.25,37201,TRUE,NRT,JP,Asia Pacific,Tokyo,4766,Korea Telecom,738,1.88
221.149.111.12,37991,TRUE,NRT,JP,Asia Pacific,Tokyo,4766,Korea Telecom,702,1.85
182.224.50.51,36818,TRUE,NRT,JP,Asia Pacific,Tokyo,17858,LG POWERCOMM,407,1.84
221.149.111.12,37801,TRUE,NRT,JP,Asia Pacific,Tokyo,4766,Korea Telecom,695,1.84
119.193.241.25,37533,TRUE,NRT,JP,Asia Pacific,Tokyo,4766,Korea Telecom,746,1.83
220.121.7.77,37571,TRUE,NRT,JP,Asia Pacific,Tokyo,4766,Korea Telecom,729,1.83
118.33.151.21,37941,TRUE,NRT,JP,Asia Pacific,Tokyo,4766,Korea Telecom,685,1.83
118.34.219.138,38621,TRUE,NRT,JP,Asia Pacific,Tokyo,4766,Korea Telecom,677,1.81
14.56.91.41,39109,TRUE,NRT,JP,Asia Pacific,Tokyo,4766,Korea Telecom,661,1.81
122.35.111.172,38716,TRUE,NRT,JP,Asia Pacific,Tokyo,17858,LG POWERCOMM,467,1.74
106.252.227.66,39178,TRUE,NRT,JP,Asia Pacific,Tokyo,3786,LG DACOM Corporation,397,1.74
220.121.7.77,37812,TRUE,NRT,JP,Asia Pacific,Tokyo,4766,Korea Telecom,715,1.72
112.165.102.109,39161,TRUE,NRT,JP,Asia Pacific,Tokyo,4766,Korea Telecom,703,1.70
60.250.202.116,39177,TRUE,NRT,JP,Asia Pacific,Tokyo,3462,Data Communication Business Group,368,1.58
121.151.14.14,37576,TRUE,NRT,JP,Asia Pacific,Tokyo,4766,Korea Telecom,628,1.56
59.15.148.150,39912,TRUE,NRT,JP,Asia Pacific,Tokyo,4766,Korea Telecom,667,1.53
59.11.149.84,39924,TRUE,NRT,JP,Asia Pacific,Tokyo,4766,Korea Telecom,736,1.51
211.196.128.159,39223,TRUE,NRT,JP,Asia Pacific,Tokyo,4766,Korea Telecom,793,1.50
112.186.47.116,39547,TRUE,NRT,JP,Asia Pacific,Tokyo,4766,Korea Telecom,644,1.49
211.199.12.139,39660,TRUE,NRT,JP,Asia Pacific,Tokyo,4766,Korea Telecom,658,1.47
118.35.78.217,38662,TRUE,NRT,JP,Asia Pacific,Tokyo,4766,Korea Telecom,626,1.45
59.11.149.84,39297,TRUE,NRT,JP,Asia Pacific,Tokyo,4766,Korea Telecom,729,1.41
112.219.136.229,36413,TRUE,NRT,JP,Asia Pacific,Tokyo,3786,LG DACOM Corporation,390,1.40
195.245.242.232,53942,TRUE,NRT,JP,Asia Pacific,Tokyo,3258,xTom Pty Ltd,656,1.40
14.33.7.164,39116,TRUE,NRT,JP,Asia Pacific,Tokyo,4766,Korea Telecom,659,1.32
121.134.192.125,38056,TRUE,NRT,JP,Asia Pacific,Tokyo,4766,Korea Telecom,730,1.32
118.222.219.124,37106,TRUE,ICN,KR,Asia Pacific,Seoul,9318,SK Broadband Co Ltd,349,1.25
147.78.247.110,50013,TRUE,NRT,JP,Asia Pacific,Tokyo,3258,xTom Pty Ltd,647,1.23
183.105.100.125,36169,TRUE,NRT,JP,Asia Pacific,Tokyo,4766,Korea Telecom,397,1.21
121.127.67.102,37762,TRUE,KIX,JP,Asia Pacific,Osaka,9756,SK Broadband Co Ltd,543,1.20
45.66.128.148,51973,TRUE,NRT,JP,Asia Pacific,Tokyo,3258,xTom Pty Ltd,562,1.17
112.185.115.168,38551,TRUE,NRT,JP,Asia Pacific,Tokyo,4766,Korea Telecom,795,1.16
112.158.225.51,38040,TRUE,NRT,JP,Asia Pacific,Tokyo,17858,LG POWERCOMM,421,1.16
147.78.243.164,57391,TRUE,NRT,JP,Asia Pacific,Tokyo,3258,xTom Pty Ltd,530,1.11
180.224.71.123,36869,TRUE,NRT,JP,Asia Pacific,Tokyo,17858,LG POWERCOMM,407,1.07
114.33.231.164,37715,TRUE,NRT,JP,Asia Pacific,Tokyo,3462,Data Communication Business Group,488,1.03
114.33.231.164,38106,TRUE,NRT,JP,Asia Pacific,Tokyo,3462,Data Communication Business Group,484,0.99
59.24.92.220,36460,TRUE,ICN,KR,Asia Pacific,Seoul,4766,Korea Telecom,326,0.94
1.11.219.45,37929,TRUE,ICN,KR,Asia Pacific,Seoul,17839,LG HelloVision Corp.,363,0.91
211.63.50.135,36567,TRUE,NRT,JP,Asia Pacific,Tokyo,3786,LG DACOM Corporation,407,0.91
122.45.88.148,37891,TRUE,NRT,JP,Asia Pacific,Tokyo,17858,LG POWERCOMM,537,0.90
211.63.50.135,38729,TRUE,NRT,JP,Asia Pacific,Tokyo,3786,LG DACOM Corporation,451,0.90
211.63.50.135,39181,TRUE,NRT,JP,Asia Pacific,Tokyo,3786,LG DACOM Corporation,418,0.90
61.23.131.206,38937,TRUE,NRT,JP,Asia Pacific,Tokyo,9824,"JCOM Co., Ltd.",476,0.88
211.63.50.135,37961,TRUE,NRT,JP,Asia Pacific,Tokyo,3786,LG DACOM Corporation,420,0.87
180.182.152.52,36450,TRUE,ICN,KR,Asia Pacific,Seoul,17839,LG HelloVision Corp.,354,0.87
61.23.131.206,39006,TRUE,NRT,JP,Asia Pacific,Tokyo,9824,"JCOM Co., Ltd.",434,0.86
61.23.131.206,39846,TRUE,NRT,JP,Asia Pacific,Tokyo,9824,"JCOM Co., Ltd.",469,0.86
175.193.62.86,39854,TRUE,NRT,JP,Asia Pacific,Tokyo,4766,Korea Telecom,659,0.84
125.189.2.86,36517,TRUE,NRT,JP,Asia Pacific,Tokyo,17858,LG POWERCOMM,474,0.84
61.23.131.206,38019,TRUE,NRT,JP,Asia Pacific,Tokyo,9824,"JCOM Co., Ltd.",439,0.83
49.246.23.169,36243,TRUE,KIX,JP,Asia Pacific,Osaka,10054,CMB Kwangju Broadcasting,630,0.82
175.193.62.86,39498,TRUE,NRT,JP,Asia Pacific,Tokyo,4766,Korea Telecom,655,0.80
123.111.77.9,36493,TRUE,ICN,KR,Asia Pacific,Seoul,9318,SK Broadband Co Ltd,321,0.70
14.38.25.173,37802,TRUE,NRT,JP,Asia Pacific,Tokyo,4766,Korea Telecom,714,0.67
14.38.25.173,36361,TRUE,NRT,JP,Asia Pacific,Tokyo,4766,Korea Telecom,704,0.61
147.78.247.110,50011,TRUE,NRT,JP,Asia Pacific,Tokyo,3258,xTom Pty Ltd,584,0.60
36.232.210.217,37209,TRUE,NRT,JP,Asia Pacific,Tokyo,3462,Data Communication Business Group,447,0.58
36.232.210.217,36125,TRUE,NRT,JP,Asia Pacific,Tokyo,3462,Data Communication Business Group,413,0.58
36.232.210.217,36522,TRUE,NRT,JP,Asia Pacific,Tokyo,3462,Data Communication Business Group,386,0.57
121.149.9.51,37803,TRUE,ICN,KR,Asia Pacific,Seoul,4766,Korea Telecom,459,0.57
36.232.210.217,36689,TRUE,NRT,JP,Asia Pacific,Tokyo,3462,Data Communication Business Group,382,0.56
36.232.210.217,38775,TRUE,NRT,JP,Asia Pacific,Tokyo,3462,Data Communication Business Group,391,0.54
193.111.31.83,37294,TRUE,NRT,JP,Asia Pacific,Tokyo,3258,xTom Pty Ltd,578,0.54
103.232.213.141,57029,TRUE,NRT,JP,Asia Pacific,Tokyo,61112,AKILE LTD,387,0.53
36.232.210.217,37258,TRUE,NRT,JP,Asia Pacific,Tokyo,3462,Data Communication Business Group,394,0.52
45.14.106.145,50987,TRUE,KIX,JP,Asia Pacific,Osaka,4785,xTom,914,0.41
122.199.120.2,37628,TRUE,ICN,KR,Asia Pacific,Seoul,9981,Saero Network Service LTD,318,0.41
168.138.213.1,50009,TRUE,NRT,JP,Asia Pacific,Tokyo,31898,ORACLE-BMC-31898,692,0.40
203.152.171.250,36167,TRUE,ICN,KR,Asia Pacific,Seoul,10036,DLIVE,307,0.39
122.199.120.2,39606,TRUE,ICN,KR,Asia Pacific,Seoul,9981,Saero Network Service LTD,359,0.37
168.138.194.22,40688,TRUE,HKG,HK,Asia Pacific,Hong Kong,31898,ORACLE-BMC-31898,557,0.36
138.3.215.231,44784,TRUE,NRT,JP,Asia Pacific,Tokyo,31898,ORACLE-BMC-31898,702,0.32
36.39.115.188,38993,TRUE,ICN,KR,Asia Pacific,Seoul,17839,LG HelloVision Corp.,382,0.30
144.24.83.175,41928,TRUE,ICN,KR,Asia Pacific,Seoul,31898,ORACLE-BMC-31898,587,0.30
62.106.70.27,46918,TRUE,NRT,JP,Asia Pacific,Tokyo,3258,xTom Pty Ltd,607,0.28
220.79.50.104,38563,TRUE,NRT,JP,Asia Pacific,Tokyo,4766,Korea Telecom,731,0.27
124.50.116.202,37540,TRUE,NRT,JP,Asia Pacific,Tokyo,17858,LG POWERCOMM,439,0.21
124.50.116.202,36831,TRUE,NRT,JP,Asia Pacific,Tokyo,17858,LG POWERCOMM,405,0.21
218.154.185.221,39858,TRUE,NRT,JP,Asia Pacific,Tokyo,4766,Korea Telecom,959,0.20
36.229.217.180,37185,TRUE,NRT,JP,Asia Pacific,Tokyo,3462,Data Communication Business Group,441,0.20
218.154.185.221,39434,TRUE,NRT,JP,Asia Pacific,Tokyo,4766,Korea Telecom,974,0.18
146.56.47.34,61153,TRUE,HKG,HK,Asia Pacific,Hong Kong,31898,ORACLE-BMC-31898,337,0.14
152.69.205.37,54322,TRUE,NRT,JP,Asia Pacific,Tokyo,31898,ORACLE-BMC-31898,369,0.08
182.217.172.166,38439,TRUE,NRT,JP,Asia Pacific,Tokyo,17858,LG POWERCOMM,594,0.05
125.135.186.138,38512,TRUE,NRT,JP,Asia Pacific,Tokyo,4766,Korea Telecom,600,0.05
125.135.186.138,37064,TRUE,NRT,JP,Asia Pacific,Tokyo,4766,Korea Telecom,657,0.05
125.135.186.138,36921,TRUE,NRT,JP,Asia Pacific,Tokyo,4766,Korea Telecom,648,0.05
125.135.186.138,39623,TRUE,NRT,JP,Asia Pacific,Tokyo,4766,Korea Telecom,606,0.05
125.135.186.138,37439,TRUE,NRT,JP,Asia Pacific,Tokyo,4766,Korea Telecom,598,0.05
138.2.12.10,45805,TRUE,HKG,HK,Asia Pacific,Hong Kong,31898,ORACLE-BMC-31898,536,0.04
